{
  "connection": "default",
  "collectionName": "restaurants",
  "info": {
    "name": "restaurant",
    "description": ""
  },
  "options": {
    "increments": true,
    "timestamps": [
      "created_at",
      "updated_at"
    ],
    "comment": ""
  },
  "attributes": {
    "name": {
      "type": "string"
    },
    "description": {
      "type": "text"
    },
    "image": {
      "model": "file",
      "via": "related",
      "plugin": "upload"
    },
    "dishes": {
      "collection": "dish",
      "via": "restaurant"
    }
  }
}