{
  "routes": [
    {
      "method": "GET",
      "path": "/dishes",
      "handler": "Dish.find",
      "config": {
        "policies": []
      }
    },
    {
      "method": "GET",
      "path": "/dishes/count",
      "handler": "Dish.count",
      "config": {
        "policies": []
      }
    },
    {
      "method": "GET",
      "path": "/dishes/:id",
      "handler": "Dish.findOne",
      "config": {
        "policies": []
      }
    },
    {
      "method": "POST",
      "path": "/dishes",
      "handler": "Dish.create",
      "config": {
        "policies": []
      }
    },
    {
      "method": "PUT",
      "path": "/dishes/:id",
      "handler": "Dish.update",
      "config": {
        "policies": []
      }
    },
    {
      "method": "DELETE",
      "path": "/dishes/:id",
      "handler": "Dish.delete",
      "config": {
        "policies": []
      }
    }
  ]
}
