{
  "routes": [
    {
      "method": "GET",
      "path": "/orders",
      "handler": "Order.find",
      "config": {
        "policies": []
      }
    },
    {
      "method": "GET",
      "path": "/orders/count",
      "handler": "Order.count",
      "config": {
        "policies": []
      }
    },
    {
      "method": "GET",
      "path": "/orders/:id",
      "handler": "Order.findOne",
      "config": {
        "policies": []
      }
    },
    {
      "method": "POST",
      "path": "/orders",
      "handler": "Order.create",
      "config": {
        "policies": []
      }
    },
    {
      "method": "PUT",
      "path": "/orders/:id",
      "handler": "Order.update",
      "config": {
        "policies": []
      }
    },
    {
      "method": "DELETE",
      "path": "/orders/:id",
      "handler": "Order.delete",
      "config": {
        "policies": []
      }
    }
  ]
}
