{
  "connection": "default",
  "collectionName": "dishes",
  "info": {
    "name": "dish",
    "description": ""
  },
  "options": {
    "increments": true,
    "timestamps": [
      "created_at",
      "updated_at"
    ],
    "comment": ""
  },
  "attributes": {
    "name": {
      "type": "string"
    },
    "description": {
      "type": "text"
    },
    "image": {
      "model": "file",
      "via": "related",
      "plugin": "upload"
    },
    "price": {
      "type": "decimal"
    },
    "restaurant": {
      "model": "restaurant",
      "via": "dishes"
    }
  }
}